Field,ID,Type (Tipo),default,en-us,es-es
Description,2,Texto,,"Matiz is a small, fast Windows color tool for developers and designers: grab any pixel on your screen, understand it in every format, and build palettes to paste straight into your code.

Alt+C → click any pixel → copied → scale and harmonies → copy as code → back to work.

- Screen picker: configurable hotkey (Alt+C), magnifier with pixel grid, multi-monitor and per-monitor DPI aware, pixel-accurate. Hold Shift to grab several colors in a row, and right-click to send any color straight to your palette.
- Visual picker: hue/saturation wheel (white center), brightness bar showing the color itself, Vivid ↔ Pastel focus, precise H/S/B inputs and a gray scale.
- Custom points: up to 64 free colors added by right-clicking the wheel, while capturing or over the image (or the + button); customizing a harmony turns it into a Custom set instead of breaking it.
- Every format: HEX, RGB, HSL, HSV, CMYK (approx.), OKLCH and code snippets (CSS, C#/WPF, XAML, Flutter/Dart, ARGB). Paste any format to set a color.
- Design scale 50–950 generated in OKLCH, ready for design systems.
- Harmonies: complementary, analogous, split, triadic, tetradic and monochromatic, drawn on the wheel with balanced lightness.
- Tints/shades, neutrals and dominant colors from images (open, drop or paste a screenshot); Customize loads the extracted colors at once as your own points.
- Saved palettes (up to 64 colors each) with autosave, reordering (drag the cards too) and undo; Reload puts a saved palette back on the wheel to edit it.
- Sharing: export as CSS variables, JSON, Dart, C#, Tailwind or a PNG image, or as a self-contained .mpalette file — double-clicking it opens Matiz and adds it as a new palette.
- Grayscale view: preview any palette in perceptual gray from 0 to 100 % without altering the saved colors; the percentage is remembered per palette.
- Recent colors, undo/redo, light/dark theme, always-on-top and keyboard shortcuts.

Made by Juan Quiroga, color artist (@juanquirogaart).","Matiz es una herramienta de color pequeña y rápida para Windows, pensada para desarrolladores y diseñadores: capturá cualquier píxel de la pantalla, entendelo en todos los formatos y armá paletas para copiar directo a tu código.

Alt+C → click en cualquier píxel → copiado → escala y armonías → copiar como código → seguir trabajando.

- Captura de pantalla: atajo configurable (Alt+C), lupa con cuadrícula de píxeles, multi-monitor y DPI por monitor, precisión de píxel. Con Shift la lupa queda abierta para tomar varios colores seguidos, y el click derecho manda cualquier color directo a tu paleta.
- Selector visual: rueda de tono/saturación (centro blanco), barra de brillo con el propio color, enfoque Vivo ↔ Pastel, campos H/S/B precisos y escala de grises.
- Puntos personalizados: hasta 64 colores libres agregados con click derecho en la rueda, al capturar o sobre la imagen (o el botón +); personalizar una armonía la convierte en conjunto Personalizado en vez de romperla.
- Todos los formatos: HEX, RGB, HSL, HSV, CMYK (aprox.), OKLCH y fragmentos de código (CSS, C#/WPF, XAML, Flutter/Dart, ARGB). Pegá cualquier formato para fijar un color.
- Escala 50–950 generada en OKLCH, lista para design systems.
- Armonías: complementaria, análoga, dividida, triádica, tetrádica y monocromática, dibujadas en la rueda con luminosidad equilibrada.
- Tints/shades, neutros y colores dominantes de imágenes (abri, arrastrá o pegá una captura); Personalizar carga los extraídos de una vez como puntos propios.
- Paletas guardadas (hasta 64 colores cada una) con autoguardado, reordenamiento (también arrastrando las tarjetas) y deshacer; Recargar vuelve a poner una paleta en la rueda para editarla.
- Para compartir: exportá a variables CSS, JSON, Dart, C#, Tailwind o imagen PNG, o a un archivo .mpalette autocontenido — el doble click lo abre en Matiz y lo agrega como paleta nueva.
- Vista en escala de grises: previsualizá cualquier paleta en gris perceptual de 0 a 100 % sin alterar los colores guardados; el porcentaje se recuerda por paleta.
- Colores recientes, deshacer/rehacer, tema claro/oscuro, siempre visible y atajos de teclado.

Hecha por Juan Quiroga, artista colorista (@juanquirogaart)."
ReleaseNotes,3,Texto,,"What's new since the first release:

- Grayscale view: preview any palette in perceptual gray from 0 to 100 % without altering the saved colors — the percentage is remembered per palette and travels inside .mpalette files.
- Renewed visual picker: now vertical, with scrollable swatches.
- Custom points and palettes of up to 64 colors: right-click on the wheel, while capturing or over the image (or the + button); double-click a point to remove it, and customizing a harmony keeps it as a Custom set.
- Reload: put a saved palette back on the wheel to keep editing it; reorder palette cards by dragging them.
- Customize in From image: load the extracted colors at once as your own points (warns before replacing a built palette).
- Export palettes from a dropdown (palette or overlays) with optional transparent-background PNG, plus self-contained .mpalette files for sharing — double-clicking one opens Matiz and adds it as a new palette.
- Copy the HEX of Current/Previous with a discreet icon.
Also fixes several details and the package icon for .mpalette files.","Novedades desde la primera versión:

- Vista en escala de grises: previsualizá cualquier paleta en gris perceptual de 0 a 100 % sin alterar los colores guardados — el porcentaje se recuerda por paleta y viaja dentro de los archivos .mpalette.
- Selector visual renovado: ahora vertical, con muestras con scroll.
- Puntos personalizados y paletas de hasta 64 colores: click derecho en la rueda, al capturar o sobre la imagen (o el botón +); doble click sobre un punto lo elimina, y personalizar una armonía la deja como conjunto Personalizado.
- Recargar: vuelve a poner una paleta guardada en la rueda para seguir editándola; reordená las tarjetas arrastrándolas.
- Personalizar en De la imagen: carga los colores extraídos de una vez como puntos propios (avisa antes de reemplazar una paleta armada).
- Exportá la paleta por desplegable (paleta o superpuestos) con PNG de fondo transparente opcional, y archivos .mpalette autocontenidos para compartir — el doble click los abre en Matiz y los agrega como paleta nueva.
- Copiar el HEX de Actual/Anterior con un ícono discreto.
Además corrige varios detalles y el ícono del paquete para los archivos .mpalette."
Title,4,Texto,,Matiz,Matiz
ShortTitle,5,Texto,,Matiz,Matiz
SortTitle,6,Texto,,,
VoiceTitle,7,Texto,,,
ShortDescription,8,Texto,,Grab any color on your screen and turn it into palettes ready for your code.,Capturá cualquier color de la pantalla y convertilo en paletas listas para tu código.
DevStudio,9,Texto,,Juan Quiroga,Juan Quiroga
CopyrightTrademarkInformation,12,Texto,,© 2026 Juan Quiroga. All rights reserved.,© 2026 Juan Quiroga. Todos los derechos reservados.
AdditionalLicenseTerms,13,Texto,,"Apache License 2.0 with Commons Clause: free to copy, modify, build and distribute; selling the software itself is reserved to the author (Juan Quiroga). Source code: https://github.com/quiro90/matiz","Apache License 2.0 con Commons Clause: libre para copiar, modificar, compilar y distribuir; la venta del software queda reservada al autor (Juan Quiroga). Código fuente: https://github.com/quiro90/matiz"
DesktopScreenshot1,100,Ruta de acceso relativa (o URL del archivo en el Centro de partners),,,
DesktopScreenshot2,101,Ruta de acceso relativa (o URL del archivo en el Centro de partners),,,
DesktopScreenshot3,102,Ruta de acceso relativa (o URL del archivo en el Centro de partners),,,
DesktopScreenshot4,103,Ruta de acceso relativa (o URL del archivo en el Centro de partners),,,
DesktopScreenshot5,104,Ruta de acceso relativa (o URL del archivo en el Centro de partners),,,
DesktopScreenshot6,105,Ruta de acceso relativa (o URL del archivo en el Centro de partners),,,
DesktopScreenshot7,106,Ruta de acceso relativa (o URL del archivo en el Centro de partners),,,
DesktopScreenshot8,107,Ruta de acceso relativa (o URL del archivo en el Centro de partners),,,
DesktopScreenshot9,108,Ruta de acceso relativa (o URL del archivo en el Centro de partners),,,
DesktopScreenshot10,109,Ruta de acceso relativa (o URL del archivo en el Centro de partners),,,
DesktopScreenshot11,110,Ruta de acceso relativa (o URL del archivo en el Centro de partners),,,
DesktopScreenshot12,111,Ruta de acceso relativa (o URL del archivo en el Centro de partners),,,
DesktopScreenshot13,112,Ruta de acceso relativa (o URL del archivo en el Centro de partners),,,
DesktopScreenshot14,113,Ruta de acceso relativa (o URL del archivo en el Centro de partners),,,
DesktopScreenshot15,114,Ruta de acceso relativa (o URL del archivo en el Centro de partners),,,
DesktopScreenshot16,115,Ruta de acceso relativa (o URL del archivo en el Centro de partners),,,
DesktopScreenshot17,116,Ruta de acceso relativa (o URL del archivo en el Centro de partners),,,
DesktopScreenshot18,117,Ruta de acceso relativa (o URL del archivo en el Centro de partners),,,
DesktopScreenshot19,118,Ruta de acceso relativa (o URL del archivo en el Centro de partners),,,
DesktopScreenshot20,119,Ruta de acceso relativa (o URL del archivo en el Centro de partners),,,
DesktopScreenshot21,120,Ruta de acceso relativa (o URL del archivo en el Centro de partners),,,
DesktopScreenshot22,121,Ruta de acceso relativa (o URL del archivo en el Centro de partners),,,
DesktopScreenshot23,122,Ruta de acceso relativa (o URL del archivo en el Centro de partners),,,
DesktopScreenshot24,123,Ruta de acceso relativa (o URL del archivo en el Centro de partners),,,
DesktopScreenshot25,124,Ruta de acceso relativa (o URL del archivo en el Centro de partners),,,
DesktopScreenshot26,125,Ruta de acceso relativa (o URL del archivo en el Centro de partners),,,
DesktopScreenshot27,126,Ruta de acceso relativa (o URL del archivo en el Centro de partners),,,
DesktopScreenshot28,127,Ruta de acceso relativa (o URL del archivo en el Centro de partners),,,
DesktopScreenshot29,128,Ruta de acceso relativa (o URL del archivo en el Centro de partners),,,
DesktopScreenshot30,129,Ruta de acceso relativa (o URL del archivo en el Centro de partners),,,
DesktopScreenshotCaption1,150,Texto,,,
DesktopScreenshotCaption2,151,Texto,,,
DesktopScreenshotCaption3,152,Texto,,,
DesktopScreenshotCaption4,153,Texto,,,
DesktopScreenshotCaption5,154,Texto,,,
DesktopScreenshotCaption6,155,Texto,,,
DesktopScreenshotCaption7,156,Texto,,,
DesktopScreenshotCaption8,157,Texto,,,
DesktopScreenshotCaption9,158,Texto,,,
DesktopScreenshotCaption10,159,Texto,,,
DesktopScreenshotCaption11,160,Texto,,,
DesktopScreenshotCaption12,161,Texto,,,
DesktopScreenshotCaption13,162,Texto,,,
DesktopScreenshotCaption14,163,Texto,,,
DesktopScreenshotCaption15,164,Texto,,,
DesktopScreenshotCaption16,165,Texto,,,
DesktopScreenshotCaption17,166,Texto,,,
DesktopScreenshotCaption18,167,Texto,,,
DesktopScreenshotCaption19,168,Texto,,,
DesktopScreenshotCaption20,169,Texto,,,
DesktopScreenshotCaption21,170,Texto,,,
DesktopScreenshotCaption22,171,Texto,,,
DesktopScreenshotCaption23,172,Texto,,,
DesktopScreenshotCaption24,173,Texto,,,
DesktopScreenshotCaption25,174,Texto,,,
DesktopScreenshotCaption26,175,Texto,,,
DesktopScreenshotCaption27,176,Texto,,,
DesktopScreenshotCaption28,177,Texto,,,
DesktopScreenshotCaption29,178,Texto,,,
DesktopScreenshotCaption30,179,Texto,,,
MobileScreenshot1,200,Ruta de acceso relativa (o URL del archivo en el Centro de partners),,,
MobileScreenshot2,201,Ruta de acceso relativa (o URL del archivo en el Centro de partners),,,
MobileScreenshot3,202,Ruta de acceso relativa (o URL del archivo en el Centro de partners),,,
MobileScreenshot4,203,Ruta de acceso relativa (o URL del archivo en el Centro de partners),,,
MobileScreenshot5,204,Ruta de acceso relativa (o URL del archivo en el Centro de partners),,,
MobileScreenshot6,205,Ruta de acceso relativa (o URL del archivo en el Centro de partners),,,
MobileScreenshot7,206,Ruta de acceso relativa (o URL del archivo en el Centro de partners),,,
MobileScreenshot8,207,Ruta de acceso relativa (o URL del archivo en el Centro de partners),,,
MobileScreenshot9,208,Ruta de acceso relativa (o URL del archivo en el Centro de partners),,,
MobileScreenshot10,209,Ruta de acceso relativa (o URL del archivo en el Centro de partners),,,
MobileScreenshot11,210,Ruta de acceso relativa (o URL del archivo en el Centro de partners),,,
MobileScreenshot12,211,Ruta de acceso relativa (o URL del archivo en el Centro de partners),,,
MobileScreenshot13,212,Ruta de acceso relativa (o URL del archivo en el Centro de partners),,,
MobileScreenshot14,213,Ruta de acceso relativa (o URL del archivo en el Centro de partners),,,
MobileScreenshot15,214,Ruta de acceso relativa (o URL del archivo en el Centro de partners),,,
MobileScreenshot16,215,Ruta de acceso relativa (o URL del archivo en el Centro de partners),,,
MobileScreenshot17,216,Ruta de acceso relativa (o URL del archivo en el Centro de partners),,,
MobileScreenshot18,217,Ruta de acceso relativa (o URL del archivo en el Centro de partners),,,
MobileScreenshot19,218,Ruta de acceso relativa (o URL del archivo en el Centro de partners),,,
MobileScreenshot20,219,Ruta de acceso relativa (o URL del archivo en el Centro de partners),,,
MobileScreenshot21,220,Ruta de acceso relativa (o URL del archivo en el Centro de partners),,,
MobileScreenshot22,221,Ruta de acceso relativa (o URL del archivo en el Centro de partners),,,
MobileScreenshot23,222,Ruta de acceso relativa (o URL del archivo en el Centro de partners),,,
MobileScreenshot24,223,Ruta de acceso relativa (o URL del archivo en el Centro de partners),,,
MobileScreenshot25,224,Ruta de acceso relativa (o URL del archivo en el Centro de partners),,,
MobileScreenshot26,225,Ruta de acceso relativa (o URL del archivo en el Centro de partners),,,
MobileScreenshot27,226,Ruta de acceso relativa (o URL del archivo en el Centro de partners),,,
MobileScreenshot28,227,Ruta de acceso relativa (o URL del archivo en el Centro de partners),,,
MobileScreenshot29,228,Ruta de acceso relativa (o URL del archivo en el Centro de partners),,,
MobileScreenshot30,229,Ruta de acceso relativa (o URL del archivo en el Centro de partners),,,
MobileScreenshotCaption1,250,Texto,,,
MobileScreenshotCaption2,251,Texto,,,
MobileScreenshotCaption3,252,Texto,,,
MobileScreenshotCaption4,253,Texto,,,
MobileScreenshotCaption5,254,Texto,,,
MobileScreenshotCaption6,255,Texto,,,
MobileScreenshotCaption7,256,Texto,,,
MobileScreenshotCaption8,257,Texto,,,
MobileScreenshotCaption9,258,Texto,,,
MobileScreenshotCaption10,259,Texto,,,
MobileScreenshotCaption11,260,Texto,,,
MobileScreenshotCaption12,261,Texto,,,
MobileScreenshotCaption13,262,Texto,,,
MobileScreenshotCaption14,263,Texto,,,
MobileScreenshotCaption15,264,Texto,,,
MobileScreenshotCaption16,265,Texto,,,
MobileScreenshotCaption17,266,Texto,,,
MobileScreenshotCaption18,267,Texto,,,
MobileScreenshotCaption19,268,Texto,,,
MobileScreenshotCaption20,269,Texto,,,
MobileScreenshotCaption21,270,Texto,,,
MobileScreenshotCaption22,271,Texto,,,
MobileScreenshotCaption23,272,Texto,,,
MobileScreenshotCaption24,273,Texto,,,
MobileScreenshotCaption25,274,Texto,,,
MobileScreenshotCaption26,275,Texto,,,
MobileScreenshotCaption27,276,Texto,,,
MobileScreenshotCaption28,277,Texto,,,
MobileScreenshotCaption29,278,Texto,,,
MobileScreenshotCaption30,279,Texto,,,
XboxScreenshot1,300,Ruta de acceso relativa (o URL del archivo en el Centro de partners),,,
XboxScreenshot2,301,Ruta de acceso relativa (o URL del archivo en el Centro de partners),,,
XboxScreenshot3,302,Ruta de acceso relativa (o URL del archivo en el Centro de partners),,,
XboxScreenshot4,303,Ruta de acceso relativa (o URL del archivo en el Centro de partners),,,
XboxScreenshot5,304,Ruta de acceso relativa (o URL del archivo en el Centro de partners),,,
XboxScreenshot6,305,Ruta de acceso relativa (o URL del archivo en el Centro de partners),,,
XboxScreenshot7,306,Ruta de acceso relativa (o URL del archivo en el Centro de partners),,,
XboxScreenshot8,307,Ruta de acceso relativa (o URL del archivo en el Centro de partners),,,
XboxScreenshot9,308,Ruta de acceso relativa (o URL del archivo en el Centro de partners),,,
XboxScreenshot10,309,Ruta de acceso relativa (o URL del archivo en el Centro de partners),,,
XboxScreenshot11,310,Ruta de acceso relativa (o URL del archivo en el Centro de partners),,,
XboxScreenshot12,311,Ruta de acceso relativa (o URL del archivo en el Centro de partners),,,
XboxScreenshot13,312,Ruta de acceso relativa (o URL del archivo en el Centro de partners),,,
XboxScreenshot14,313,Ruta de acceso relativa (o URL del archivo en el Centro de partners),,,
XboxScreenshot15,314,Ruta de acceso relativa (o URL del archivo en el Centro de partners),,,
XboxScreenshot16,315,Ruta de acceso relativa (o URL del archivo en el Centro de partners),,,
XboxScreenshot17,316,Ruta de acceso relativa (o URL del archivo en el Centro de partners),,,
XboxScreenshot18,317,Ruta de acceso relativa (o URL del archivo en el Centro de partners),,,
XboxScreenshot19,318,Ruta de acceso relativa (o URL del archivo en el Centro de partners),,,
XboxScreenshot20,319,Ruta de acceso relativa (o URL del archivo en el Centro de partners),,,
XboxScreenshot21,320,Ruta de acceso relativa (o URL del archivo en el Centro de partners),,,
XboxScreenshot22,321,Ruta de acceso relativa (o URL del archivo en el Centro de partners),,,
XboxScreenshot23,322,Ruta de acceso relativa (o URL del archivo en el Centro de partners),,,
XboxScreenshot24,323,Ruta de acceso relativa (o URL del archivo en el Centro de partners),,,
XboxScreenshot25,324,Ruta de acceso relativa (o URL del archivo en el Centro de partners),,,
XboxScreenshot26,325,Ruta de acceso relativa (o URL del archivo en el Centro de partners),,,
XboxScreenshot27,326,Ruta de acceso relativa (o URL del archivo en el Centro de partners),,,
XboxScreenshot28,327,Ruta de acceso relativa (o URL del archivo en el Centro de partners),,,
XboxScreenshot29,328,Ruta de acceso relativa (o URL del archivo en el Centro de partners),,,
XboxScreenshot30,329,Ruta de acceso relativa (o URL del archivo en el Centro de partners),,,
XboxScreenshotCaption1,350,Texto,,,
XboxScreenshotCaption2,351,Texto,,,
XboxScreenshotCaption3,352,Texto,,,
XboxScreenshotCaption4,353,Texto,,,
XboxScreenshotCaption5,354,Texto,,,
XboxScreenshotCaption6,355,Texto,,,
XboxScreenshotCaption7,356,Texto,,,
XboxScreenshotCaption8,357,Texto,,,
XboxScreenshotCaption9,358,Texto,,,
XboxScreenshotCaption10,359,Texto,,,
XboxScreenshotCaption11,360,Texto,,,
XboxScreenshotCaption12,361,Texto,,,
XboxScreenshotCaption13,362,Texto,,,
XboxScreenshotCaption14,363,Texto,,,
XboxScreenshotCaption15,364,Texto,,,
XboxScreenshotCaption16,365,Texto,,,
XboxScreenshotCaption17,366,Texto,,,
XboxScreenshotCaption18,367,Texto,,,
XboxScreenshotCaption19,368,Texto,,,
XboxScreenshotCaption20,369,Texto,,,
XboxScreenshotCaption21,370,Texto,,,
XboxScreenshotCaption22,371,Texto,,,
XboxScreenshotCaption23,372,Texto,,,
XboxScreenshotCaption24,373,Texto,,,
XboxScreenshotCaption25,374,Texto,,,
XboxScreenshotCaption26,375,Texto,,,
XboxScreenshotCaption27,376,Texto,,,
XboxScreenshotCaption28,377,Texto,,,
XboxScreenshotCaption29,378,Texto,,,
XboxScreenshotCaption30,379,Texto,,,
HolographicScreenshot1,400,Ruta de acceso relativa (o URL del archivo en el Centro de partners),,,
HolographicScreenshot2,401,Ruta de acceso relativa (o URL del archivo en el Centro de partners),,,
HolographicScreenshot3,402,Ruta de acceso relativa (o URL del archivo en el Centro de partners),,,
HolographicScreenshot4,403,Ruta de acceso relativa (o URL del archivo en el Centro de partners),,,
HolographicScreenshot5,404,Ruta de acceso relativa (o URL del archivo en el Centro de partners),,,
HolographicScreenshot6,405,Ruta de acceso relativa (o URL del archivo en el Centro de partners),,,
HolographicScreenshot7,406,Ruta de acceso relativa (o URL del archivo en el Centro de partners),,,
HolographicScreenshot8,407,Ruta de acceso relativa (o URL del archivo en el Centro de partners),,,
HolographicScreenshot9,408,Ruta de acceso relativa (o URL del archivo en el Centro de partners),,,
HolographicScreenshot10,409,Ruta de acceso relativa (o URL del archivo en el Centro de partners),,,
HolographicScreenshot11,410,Ruta de acceso relativa (o URL del archivo en el Centro de partners),,,
HolographicScreenshot12,411,Ruta de acceso relativa (o URL del archivo en el Centro de partners),,,
HolographicScreenshot13,412,Ruta de acceso relativa (o URL del archivo en el Centro de partners),,,
HolographicScreenshot14,413,Ruta de acceso relativa (o URL del archivo en el Centro de partners),,,
HolographicScreenshot15,414,Ruta de acceso relativa (o URL del archivo en el Centro de partners),,,
HolographicScreenshot16,415,Ruta de acceso relativa (o URL del archivo en el Centro de partners),,,
HolographicScreenshot17,416,Ruta de acceso relativa (o URL del archivo en el Centro de partners),,,
HolographicScreenshot18,417,Ruta de acceso relativa (o URL del archivo en el Centro de partners),,,
HolographicScreenshot19,418,Ruta de acceso relativa (o URL del archivo en el Centro de partners),,,
HolographicScreenshot20,419,Ruta de acceso relativa (o URL del archivo en el Centro de partners),,,
HolographicScreenshot21,420,Ruta de acceso relativa (o URL del archivo en el Centro de partners),,,
HolographicScreenshot22,421,Ruta de acceso relativa (o URL del archivo en el Centro de partners),,,
HolographicScreenshot23,422,Ruta de acceso relativa (o URL del archivo en el Centro de partners),,,
HolographicScreenshot24,423,Ruta de acceso relativa (o URL del archivo en el Centro de partners),,,
HolographicScreenshot25,424,Ruta de acceso relativa (o URL del archivo en el Centro de partners),,,
HolographicScreenshot26,425,Ruta de acceso relativa (o URL del archivo en el Centro de partners),,,
HolographicScreenshot27,426,Ruta de acceso relativa (o URL del archivo en el Centro de partners),,,
HolographicScreenshot28,427,Ruta de acceso relativa (o URL del archivo en el Centro de partners),,,
HolographicScreenshot29,428,Ruta de acceso relativa (o URL del archivo en el Centro de partners),,,
HolographicScreenshot30,429,Ruta de acceso relativa (o URL del archivo en el Centro de partners),,,
HolographicScreenshotCaption1,450,Texto,,,
HolographicScreenshotCaption2,451,Texto,,,
HolographicScreenshotCaption3,452,Texto,,,
HolographicScreenshotCaption4,453,Texto,,,
HolographicScreenshotCaption5,454,Texto,,,
HolographicScreenshotCaption6,455,Texto,,,
HolographicScreenshotCaption7,456,Texto,,,
HolographicScreenshotCaption8,457,Texto,,,
HolographicScreenshotCaption9,458,Texto,,,
HolographicScreenshotCaption10,459,Texto,,,
HolographicScreenshotCaption11,460,Texto,,,
HolographicScreenshotCaption12,461,Texto,,,
HolographicScreenshotCaption13,462,Texto,,,
HolographicScreenshotCaption14,463,Texto,,,
HolographicScreenshotCaption15,464,Texto,,,
HolographicScreenshotCaption16,465,Texto,,,
HolographicScreenshotCaption17,466,Texto,,,
HolographicScreenshotCaption18,467,Texto,,,
HolographicScreenshotCaption19,468,Texto,,,
HolographicScreenshotCaption20,469,Texto,,,
HolographicScreenshotCaption21,470,Texto,,,
HolographicScreenshotCaption22,471,Texto,,,
HolographicScreenshotCaption23,472,Texto,,,
HolographicScreenshotCaption24,473,Texto,,,
HolographicScreenshotCaption25,474,Texto,,,
HolographicScreenshotCaption26,475,Texto,,,
HolographicScreenshotCaption27,476,Texto,,,
HolographicScreenshotCaption28,477,Texto,,,
HolographicScreenshotCaption29,478,Texto,,,
HolographicScreenshotCaption30,479,Texto,,,
SurfaceHubScreenshot11,510,Ruta de acceso relativa (o URL del archivo en el Centro de partners),,,
SurfaceHubScreenshot12,511,Ruta de acceso relativa (o URL del archivo en el Centro de partners),,,
SurfaceHubScreenshot13,512,Ruta de acceso relativa (o URL del archivo en el Centro de partners),,,
SurfaceHubScreenshot14,513,Ruta de acceso relativa (o URL del archivo en el Centro de partners),,,
SurfaceHubScreenshot15,514,Ruta de acceso relativa (o URL del archivo en el Centro de partners),,,
SurfaceHubScreenshot16,515,Ruta de acceso relativa (o URL del archivo en el Centro de partners),,,
SurfaceHubScreenshot17,516,Ruta de acceso relativa (o URL del archivo en el Centro de partners),,,
SurfaceHubScreenshot18,517,Ruta de acceso relativa (o URL del archivo en el Centro de partners),,,
SurfaceHubScreenshot19,518,Ruta de acceso relativa (o URL del archivo en el Centro de partners),,,
SurfaceHubScreenshot20,519,Ruta de acceso relativa (o URL del archivo en el Centro de partners),,,
SurfaceHubScreenshot21,520,Ruta de acceso relativa (o URL del archivo en el Centro de partners),,,
SurfaceHubScreenshot22,521,Ruta de acceso relativa (o URL del archivo en el Centro de partners),,,
SurfaceHubScreenshot23,522,Ruta de acceso relativa (o URL del archivo en el Centro de partners),,,
SurfaceHubScreenshot24,523,Ruta de acceso relativa (o URL del archivo en el Centro de partners),,,
SurfaceHubScreenshot25,524,Ruta de acceso relativa (o URL del archivo en el Centro de partners),,,
SurfaceHubScreenshot26,525,Ruta de acceso relativa (o URL del archivo en el Centro de partners),,,
SurfaceHubScreenshot27,526,Ruta de acceso relativa (o URL del archivo en el Centro de partners),,,
SurfaceHubScreenshot28,527,Ruta de acceso relativa (o URL del archivo en el Centro de partners),,,
SurfaceHubScreenshot29,528,Ruta de acceso relativa (o URL del archivo en el Centro de partners),,,
SurfaceHubScreenshot30,529,Ruta de acceso relativa (o URL del archivo en el Centro de partners),,,
SurfaceHubScreenshotCaption11,560,Texto,,,
SurfaceHubScreenshotCaption12,561,Texto,,,
SurfaceHubScreenshotCaption13,562,Texto,,,
SurfaceHubScreenshotCaption14,563,Texto,,,
SurfaceHubScreenshotCaption15,564,Texto,,,
SurfaceHubScreenshotCaption16,565,Texto,,,
SurfaceHubScreenshotCaption17,566,Texto,,,
SurfaceHubScreenshotCaption18,567,Texto,,,
SurfaceHubScreenshotCaption19,568,Texto,,,
SurfaceHubScreenshotCaption20,569,Texto,,,
SurfaceHubScreenshotCaption21,570,Texto,,,
SurfaceHubScreenshotCaption22,571,Texto,,,
SurfaceHubScreenshotCaption23,572,Texto,,,
SurfaceHubScreenshotCaption24,573,Texto,,,
SurfaceHubScreenshotCaption25,574,Texto,,,
SurfaceHubScreenshotCaption26,575,Texto,,,
SurfaceHubScreenshotCaption27,576,Texto,,,
SurfaceHubScreenshotCaption28,577,Texto,,,
SurfaceHubScreenshotCaption29,578,Texto,,,
SurfaceHubScreenshotCaption30,579,Texto,,,
StoreLogo720x1080,600,Ruta de acceso relativa (o URL del archivo en el Centro de partners),,,
StoreLogo1080x1080,601,Ruta de acceso relativa (o URL del archivo en el Centro de partners),,,
StoreLogo300x300,602,Ruta de acceso relativa (o URL del archivo en el Centro de partners),,,
OverrideLogosForWin10,603,True/False,,False,False
StoreLogoOverride150x150,604,Ruta de acceso relativa (o URL del archivo en el Centro de partners),,,
StoreLogoOverride71x71,605,Ruta de acceso relativa (o URL del archivo en el Centro de partners),,,
PromoImage1920x1080,606,Ruta de acceso relativa (o URL del archivo en el Centro de partners),,,
PromoImage2400x1200,607,Ruta de acceso relativa (o URL del archivo en el Centro de partners),,,
XboxBrandedKeyArt584x800,608,Ruta de acceso relativa (o URL del archivo en el Centro de partners),,,
XboxTitledHero1920x1080,609,Ruta de acceso relativa (o URL del archivo en el Centro de partners),,,
XboxFeaturedPromo1080x1080,610,Ruta de acceso relativa (o URL del archivo en el Centro de partners),,,
OptionalPromo358x358,611,Ruta de acceso relativa (o URL del archivo en el Centro de partners),,,
OptionalPromo1000x800,612,Ruta de acceso relativa (o URL del archivo en el Centro de partners),,,
OptionalPromo414x180,613,Ruta de acceso relativa (o URL del archivo en el Centro de partners),,,
Feature1,700,Texto,,,
Feature2,701,Texto,,,
Feature3,702,Texto,,,
Feature4,703,Texto,,,
Feature5,704,Texto,,,
Feature6,705,Texto,,,
Feature7,706,Texto,,,
Feature8,707,Texto,,,
Feature9,708,Texto,,,
Feature10,709,Texto,,,
Feature11,710,Texto,,,
Feature12,711,Texto,,,
Feature13,712,Texto,,,
Feature14,713,Texto,,,
Feature15,714,Texto,,,
Feature16,715,Texto,,,
Feature17,716,Texto,,,
Feature18,717,Texto,,,
Feature19,718,Texto,,,
Feature20,719,Texto,,,
MinimumHardwareReq1,800,Texto,,,
MinimumHardwareReq2,801,Texto,,,
MinimumHardwareReq3,802,Texto,,,
MinimumHardwareReq4,803,Texto,,,
MinimumHardwareReq5,804,Texto,,,
MinimumHardwareReq6,805,Texto,,,
MinimumHardwareReq7,806,Texto,,,
MinimumHardwareReq8,807,Texto,,,
MinimumHardwareReq9,808,Texto,,,
MinimumHardwareReq10,809,Texto,,,
MinimumHardwareReq11,810,Texto,,,
RecommendedHardwareReq1,850,Texto,,,
RecommendedHardwareReq2,851,Texto,,,
RecommendedHardwareReq3,852,Texto,,,
RecommendedHardwareReq4,853,Texto,,,
RecommendedHardwareReq5,854,Texto,,,
RecommendedHardwareReq6,855,Texto,,,
RecommendedHardwareReq7,856,Texto,,,
RecommendedHardwareReq8,857,Texto,,,
RecommendedHardwareReq9,858,Texto,,,
RecommendedHardwareReq10,859,Texto,,,
RecommendedHardwareReq11,860,Texto,,,
SearchTerm1,900,Texto,,,
SearchTerm2,901,Texto,,,
SearchTerm3,902,Texto,,,
SearchTerm4,903,Texto,,,
SearchTerm5,904,Texto,,,
SearchTerm6,905,Texto,,,
SearchTerm7,906,Texto,,,
TrailerToPlayAtTopOfListing,999,Ruta de acceso relativa (o URL del archivo en el Centro de partners),,,
Trailer1,1000,Ruta de acceso relativa (o URL del archivo en el Centro de partners),,,
Trailer2,1001,Ruta de acceso relativa (o URL del archivo en el Centro de partners),,,
Trailer3,1002,Ruta de acceso relativa (o URL del archivo en el Centro de partners),,,
Trailer4,1003,Ruta de acceso relativa (o URL del archivo en el Centro de partners),,,
Trailer5,1004,Ruta de acceso relativa (o URL del archivo en el Centro de partners),,,
Trailer6,1005,Ruta de acceso relativa (o URL del archivo en el Centro de partners),,,
Trailer7,1006,Ruta de acceso relativa (o URL del archivo en el Centro de partners),,,
Trailer8,1007,Ruta de acceso relativa (o URL del archivo en el Centro de partners),,,
Trailer9,1008,Ruta de acceso relativa (o URL del archivo en el Centro de partners),,,
Trailer10,1009,Ruta de acceso relativa (o URL del archivo en el Centro de partners),,,
Trailer11,1010,Ruta de acceso relativa (o URL del archivo en el Centro de partners),,,
Trailer12,1011,Ruta de acceso relativa (o URL del archivo en el Centro de partners),,,
Trailer13,1012,Ruta de acceso relativa (o URL del archivo en el Centro de partners),,,
Trailer14,1013,Ruta de acceso relativa (o URL del archivo en el Centro de partners),,,
Trailer15,1014,Ruta de acceso relativa (o URL del archivo en el Centro de partners),,,
TrailerTitle1,1020,Texto,,,
TrailerTitle2,1021,Texto,,,
TrailerTitle3,1022,Texto,,,
TrailerTitle4,1023,Texto,,,
TrailerTitle5,1024,Texto,,,
TrailerTitle6,1025,Texto,,,
TrailerTitle7,1026,Texto,,,
TrailerTitle8,1027,Texto,,,
TrailerTitle9,1028,Texto,,,
TrailerTitle10,1029,Texto,,,
TrailerTitle11,1030,Texto,,,
TrailerTitle12,1031,Texto,,,
TrailerTitle13,1032,Texto,,,
TrailerTitle14,1033,Texto,,,
TrailerTitle15,1034,Texto,,,
TrailerThumbnail1,1040,Ruta de acceso relativa (o URL del archivo en el Centro de partners),,,
TrailerThumbnail2,1041,Ruta de acceso relativa (o URL del archivo en el Centro de partners),,,
TrailerThumbnail3,1042,Ruta de acceso relativa (o URL del archivo en el Centro de partners),,,
TrailerThumbnail4,1043,Ruta de acceso relativa (o URL del archivo en el Centro de partners),,,
TrailerThumbnail5,1044,Ruta de acceso relativa (o URL del archivo en el Centro de partners),,,
TrailerThumbnail6,1045,Ruta de acceso relativa (o URL del archivo en el Centro de partners),,,
TrailerThumbnail7,1046,Ruta de acceso relativa (o URL del archivo en el Centro de partners),,,
TrailerThumbnail8,1047,Ruta de acceso relativa (o URL del archivo en el Centro de partners),,,
TrailerThumbnail9,1048,Ruta de acceso relativa (o URL del archivo en el Centro de partners),,,
TrailerThumbnail10,1049,Ruta de acceso relativa (o URL del archivo en el Centro de partners),,,
TrailerThumbnail11,1050,Ruta de acceso relativa (o URL del archivo en el Centro de partners),,,
TrailerThumbnail12,1051,Ruta de acceso relativa (o URL del archivo en el Centro de partners),,,
TrailerThumbnail13,1052,Ruta de acceso relativa (o URL del archivo en el Centro de partners),,,
TrailerThumbnail14,1053,Ruta de acceso relativa (o URL del archivo en el Centro de partners),,,
TrailerThumbnail15,1054,Ruta de acceso relativa (o URL del archivo en el Centro de partners),,,
TrailerClosedCaption1,1055,Ruta de acceso relativa (o URL del archivo en el Centro de partners),,,
TrailerClosedCaption2,1056,Ruta de acceso relativa (o URL del archivo en el Centro de partners),,,
TrailerClosedCaption3,1057,Ruta de acceso relativa (o URL del archivo en el Centro de partners),,,
TrailerClosedCaption4,1058,Ruta de acceso relativa (o URL del archivo en el Centro de partners),,,
TrailerClosedCaption5,1059,Ruta de acceso relativa (o URL del archivo en el Centro de partners),,,
TrailerClosedCaption6,1060,Ruta de acceso relativa (o URL del archivo en el Centro de partners),,,
TrailerClosedCaption7,1061,Ruta de acceso relativa (o URL del archivo en el Centro de partners),,,
TrailerClosedCaption8,1062,Ruta de acceso relativa (o URL del archivo en el Centro de partners),,,
TrailerClosedCaption9,1063,Ruta de acceso relativa (o URL del archivo en el Centro de partners),,,
TrailerClosedCaption10,1064,Ruta de acceso relativa (o URL del archivo en el Centro de partners),,,
TrailerClosedCaption11,1065,Ruta de acceso relativa (o URL del archivo en el Centro de partners),,,
TrailerClosedCaption12,1066,Ruta de acceso relativa (o URL del archivo en el Centro de partners),,,
TrailerClosedCaption13,1067,Ruta de acceso relativa (o URL del archivo en el Centro de partners),,,
TrailerClosedCaption14,1068,Ruta de acceso relativa (o URL del archivo en el Centro de partners),,,
TrailerClosedCaption15,1069,Ruta de acceso relativa (o URL del archivo en el Centro de partners),,,
TrailerAudioDescription1,1070,Ruta de acceso relativa (o URL del archivo en el Centro de partners),,,
TrailerAudioDescription2,1071,Ruta de acceso relativa (o URL del archivo en el Centro de partners),,,
TrailerAudioDescription3,1072,Ruta de acceso relativa (o URL del archivo en el Centro de partners),,,
TrailerAudioDescription4,1073,Ruta de acceso relativa (o URL del archivo en el Centro de partners),,,
TrailerAudioDescription5,1074,Ruta de acceso relativa (o URL del archivo en el Centro de partners),,,
TrailerAudioDescription6,1075,Ruta de acceso relativa (o URL del archivo en el Centro de partners),,,
TrailerAudioDescription7,1076,Ruta de acceso relativa (o URL del archivo en el Centro de partners),,,
TrailerAudioDescription8,1077,Ruta de acceso relativa (o URL del archivo en el Centro de partners),,,
TrailerAudioDescription9,1078,Ruta de acceso relativa (o URL del archivo en el Centro de partners),,,
TrailerAudioDescription10,1079,Ruta de acceso relativa (o URL del archivo en el Centro de partners),,,
TrailerAudioDescription11,1080,Ruta de acceso relativa (o URL del archivo en el Centro de partners),,,
TrailerAudioDescription12,1081,Ruta de acceso relativa (o URL del archivo en el Centro de partners),,,
TrailerAudioDescription13,1082,Ruta de acceso relativa (o URL del archivo en el Centro de partners),,,
TrailerAudioDescription14,1083,Ruta de acceso relativa (o URL del archivo en el Centro de partners),,,
TrailerAudioDescription15,1084,Ruta de acceso relativa (o URL del archivo en el Centro de partners),,,
,,,,,
,,,,,
,,,,,
,,,,,
,,,,,
,,,,,
,,,,,
,,,,,
,,,,,
,,,,,
,,,,,
,,,,,
,,,,,
,,,,,
,,,,,
,,,,,
,,,,,
,,,,,
,,,,,
,,,,,
,,,,,
,,,,,
,,,,,
,,,,,